method,target,tm,su_n,observed_worker_gpu_h,data_status
T-ReX,BetV1,0.5,47,143.999196464,frozen_static
T-ReX,BetV1,0.6,64,143.999196464,frozen_static
T-ReX,BetV1,0.8,78,143.999196464,frozen_static
PUCT,BetV1,0.5,27,143.941702268,audited_final_six_target_puct
PUCT,BetV1,0.6,34,143.941702268,audited_final_six_target_puct
PUCT,BetV1,0.8,36,143.941702268,audited_final_six_target_puct
epsilon-greedy,BetV1,0.5,16,143.878006237,audited_final_six_target_egreedy
epsilon-greedy,BetV1,0.6,17,143.878006237,audited_final_six_target_egreedy
epsilon-greedy,BetV1,0.8,17,143.878006237,audited_final_six_target_egreedy
Complexa-only,BetV1,0.5,16,144,matched_shared_executor_144h
Complexa-only,BetV1,0.6,17,144,matched_shared_executor_144h
Complexa-only,BetV1,0.8,17,144,matched_shared_executor_144h
BindCraft-only,BetV1,0.5,3,144,frozen_static
BindCraft-only,BetV1,0.6,3,144,frozen_static
BindCraft-only,BetV1,0.8,3,144,frozen_static
BoltzGen-only,BetV1,0.5,13,143.665,frozen_static
BoltzGen-only,BetV1,0.6,15,143.665,frozen_static
BoltzGen-only,BetV1,0.8,16,143.665,frozen_static
T-ReX,CD45,0.5,200,143.77696252,frozen_static
T-ReX,CD45,0.6,301,143.77696252,frozen_static
T-ReX,CD45,0.8,471,143.77696252,frozen_static
PUCT,CD45,0.5,47,143.740538784,audited_final_six_target_puct
PUCT,CD45,0.6,69,143.740538784,audited_final_six_target_puct
PUCT,CD45,0.8,87,143.740538784,audited_final_six_target_puct
epsilon-greedy,CD45,0.5,20,143.797616647,audited_final_six_target_egreedy
epsilon-greedy,CD45,0.6,27,143.797616647,audited_final_six_target_egreedy
epsilon-greedy,CD45,0.8,33,143.797616647,audited_final_six_target_egreedy
Complexa-only,CD45,0.5,37,144,matched_shared_executor_144h
Complexa-only,CD45,0.6,50,144,matched_shared_executor_144h
Complexa-only,CD45,0.8,70,144,matched_shared_executor_144h
BindCraft-only,CD45,0.5,2,144,frozen_static
BindCraft-only,CD45,0.6,2,144,frozen_static
BindCraft-only,CD45,0.8,2,144,frozen_static
BoltzGen-only,CD45,0.5,4,143.661,frozen_static
BoltzGen-only,CD45,0.6,5,143.661,frozen_static
BoltzGen-only,CD45,0.8,15,143.661,frozen_static
T-ReX,CbAgo,0.5,81,143.996345187,frozen_static
T-ReX,CbAgo,0.6,116,143.996345187,frozen_static
T-ReX,CbAgo,0.8,150,143.996345187,frozen_static
PUCT,CbAgo,0.5,36,143.958261227,audited_final_six_target_puct
PUCT,CbAgo,0.6,54,143.958261227,audited_final_six_target_puct
PUCT,CbAgo,0.8,60,143.958261227,audited_final_six_target_puct
epsilon-greedy,CbAgo,0.5,9,143.689824225,audited_final_six_target_egreedy
epsilon-greedy,CbAgo,0.6,9,143.689824225,audited_final_six_target_egreedy
epsilon-greedy,CbAgo,0.8,9,143.689824225,audited_final_six_target_egreedy
Complexa-only,CbAgo,0.5,2,144,matched_shared_executor_144h
Complexa-only,CbAgo,0.6,2,144,matched_shared_executor_144h
Complexa-only,CbAgo,0.8,2,144,matched_shared_executor_144h
BindCraft-only,CbAgo,0.5,39,144,frozen_static
BindCraft-only,CbAgo,0.6,52,144,frozen_static
BindCraft-only,CbAgo,0.8,61,144,frozen_static
BoltzGen-only,CbAgo,0.5,31,143.654,frozen_static
BoltzGen-only,CbAgo,0.6,37,143.654,frozen_static
BoltzGen-only,CbAgo,0.8,64,143.654,frozen_static
T-ReX,HER2-AAV,0.5,137,143.997383895,frozen_static
T-ReX,HER2-AAV,0.6,204,143.997383895,frozen_static
T-ReX,HER2-AAV,0.8,316,143.997383895,frozen_static
PUCT,HER2-AAV,0.5,44,143.95969601,audited_final_six_target_puct
PUCT,HER2-AAV,0.6,52,143.95969601,audited_final_six_target_puct
PUCT,HER2-AAV,0.8,56,143.95969601,audited_final_six_target_puct
epsilon-greedy,HER2-AAV,0.5,27,143.750701925,audited_final_six_target_egreedy
epsilon-greedy,HER2-AAV,0.6,27,143.750701925,audited_final_six_target_egreedy
epsilon-greedy,HER2-AAV,0.8,27,143.750701925,audited_final_six_target_egreedy
Complexa-only,HER2-AAV,0.5,28,144,matched_shared_executor_144h
Complexa-only,HER2-AAV,0.6,42,144,matched_shared_executor_144h
Complexa-only,HER2-AAV,0.8,55,144,matched_shared_executor_144h
BindCraft-only,HER2-AAV,0.5,68,144,frozen_static
BindCraft-only,HER2-AAV,0.6,104,144,frozen_static
BindCraft-only,HER2-AAV,0.8,119,144,frozen_static
BoltzGen-only,HER2-AAV,0.5,2,143.668,frozen_static
BoltzGen-only,HER2-AAV,0.6,2,143.668,frozen_static
BoltzGen-only,HER2-AAV,0.8,2,143.668,frozen_static
T-ReX,PDL1,0.5,270,143.829610107,frozen_static
T-ReX,PDL1,0.6,482,143.829610107,frozen_static
T-ReX,PDL1,0.8,957,143.829610107,frozen_static
PUCT,PDL1,0.5,147,143.575762808,audited_final_six_target_puct
PUCT,PDL1,0.6,233,143.575762808,audited_final_six_target_puct
PUCT,PDL1,0.8,402,143.575762808,audited_final_six_target_puct
epsilon-greedy,PDL1,0.5,46,143.773647522,audited_final_six_target_egreedy
epsilon-greedy,PDL1,0.6,65,143.773647522,audited_final_six_target_egreedy
epsilon-greedy,PDL1,0.8,80,143.773647522,audited_final_six_target_egreedy
Complexa-only,PDL1,0.5,157,144,matched_shared_executor_144h
Complexa-only,PDL1,0.6,281,144,matched_shared_executor_144h
Complexa-only,PDL1,0.8,592,144,matched_shared_executor_144h
BindCraft-only,PDL1,0.5,135,144,frozen_static
BindCraft-only,PDL1,0.6,231,144,frozen_static
BindCraft-only,PDL1,0.8,357,144,frozen_static
BoltzGen-only,PDL1,0.5,70,143.667,frozen_static
BoltzGen-only,PDL1,0.6,158,143.667,frozen_static
BoltzGen-only,PDL1,0.8,578,143.667,frozen_static
T-ReX,SC2RBD,0.5,34,143.999928013,frozen_static
T-ReX,SC2RBD,0.6,55,143.999928013,frozen_static
T-ReX,SC2RBD,0.8,77,143.999928013,frozen_static
PUCT,SC2RBD,0.5,31,143.999934744,audited_final_six_target_puct
PUCT,SC2RBD,0.6,40,143.999934744,audited_final_six_target_puct
PUCT,SC2RBD,0.8,47,143.999934744,audited_final_six_target_puct
epsilon-greedy,SC2RBD,0.5,16,143.793613168,audited_final_six_target_egreedy
epsilon-greedy,SC2RBD,0.6,20,143.793613168,audited_final_six_target_egreedy
epsilon-greedy,SC2RBD,0.8,21,143.793613168,audited_final_six_target_egreedy
Complexa-only,SC2RBD,0.5,0,144,matched_shared_executor_144h
Complexa-only,SC2RBD,0.6,0,144,matched_shared_executor_144h
Complexa-only,SC2RBD,0.8,0,144,matched_shared_executor_144h
BindCraft-only,SC2RBD,0.5,16,144,frozen_static
BindCraft-only,SC2RBD,0.6,22,144,frozen_static
BindCraft-only,SC2RBD,0.8,28,144,frozen_static
BoltzGen-only,SC2RBD,0.5,4,143.656,frozen_static
BoltzGen-only,SC2RBD,0.6,6,143.656,frozen_static
BoltzGen-only,SC2RBD,0.8,7,143.656,frozen_static
T-ReX,IL7RA,0.5,153,144,audited_il7ra_posthoc_20260802
T-ReX,IL7RA,0.6,239,144,audited_il7ra_posthoc_20260802
T-ReX,IL7RA,0.8,382,144,audited_il7ra_posthoc_20260802
PUCT,IL7RA,0.5,67,144,audited_il7ra_posthoc_20260802
PUCT,IL7RA,0.6,95,144,audited_il7ra_posthoc_20260802
PUCT,IL7RA,0.8,120,144,audited_il7ra_posthoc_20260802
epsilon-greedy,IL7RA,0.5,30,144,audited_il7ra_posthoc_20260802
epsilon-greedy,IL7RA,0.6,40,144,audited_il7ra_posthoc_20260802
epsilon-greedy,IL7RA,0.8,65,144,audited_il7ra_posthoc_20260802
Complexa-only,IL7RA,0.5,101,144,matched_shared_executor_144h
Complexa-only,IL7RA,0.6,167,144,matched_shared_executor_144h
Complexa-only,IL7RA,0.8,304,144,matched_shared_executor_144h
BindCraft-only,IL7RA,0.5,106,144,audited_il7ra_posthoc_20260802
BindCraft-only,IL7RA,0.6,178,144,audited_il7ra_posthoc_20260802
BindCraft-only,IL7RA,0.8,240,144,audited_il7ra_posthoc_20260802
BoltzGen-only,IL7RA,0.5,79,144,audited_il7ra_posthoc_20260802
BoltzGen-only,IL7RA,0.6,149,144,audited_il7ra_posthoc_20260802
BoltzGen-only,IL7RA,0.8,377,144,audited_il7ra_posthoc_20260802
